{"rrt": {"success": 20, "times": [0.6165933609008789, 0.6428930759429932, 0.5430195331573486, 0.39218926429748535, 0.47629404067993164, 0.45832133293151855, 0.4935002326965332, 0.5427634716033936, 0.5426983833312988, 0.43900489807128906, 0.6091170310974121, 0.5759415626525879, 0.44184327125549316, 0.5094590187072754, 0.5258288383483887, 0.4102654457092285, 0.3936941623687744, 0.4254794120788574, 0.49200892448425293, 0.4592397212982178], "lengths": [2.1269950114780527, 2.50504268976427, 2.423890662314987, 2.138215640014621, 2.2309577152273534, 2.2775520436881886, 2.1499621735986825, 2.1743842534549036, 2.257782739280307, 2.0157073463340134, 2.66985384799663, 2.3144698110866324, 2.256678921875423, 2.368963040695038, 2.244142280058863, 2.1511721005749607, 2.181977534340654, 2.022071360720428, 2.2210480220380875, 2.115100593031852], "waypoints": [23, 27, 26, 23, 24, 24, 23, 23, 24, 22, 28, 25, 24, 25, 24, 23, 23, 22, 24, 23], "smoothness": [NaN, 23.472713699227025, 18.155078427199477, NaN, NaN, NaN, NaN, NaN, NaN, NaN, NaN, NaN, NaN, 17.00950479931982, 15.059756120689599, NaN, NaN, NaN, 11.944688080708689, NaN]}, "rrt_apf": {"success": 20, "times": [1.565321445465088, 2.015974521636963, 1.6662466526031494, 1.9163494110107422, 1.6664149761199951, 2.2160770893096924, 1.4162862300872803, 2.0667238235473633, 1.56638765335083, 1.9158270359039307, 1.4662997722625732, 1.6663720607757568, 1.7163515090942383, 1.616438865661621, 1.715923547744751, 1.7829163074493408, 1.7163736820220947, 1.5660226345062256, 2.1662981510162354, 1.666273832321167], "lengths": [2.094757095956386, 2.5808650408433764, 2.6769823667463424, 2.7623327704397598, 2.273488869371752, 2.4931274022588963, 2.5777741643719247, 2.6594396510742153, 2.4893972013497003, 2.3851302267140193, 2.2841469458916928, 2.4833903683474117, 2.3888568324835755, 2.1871194433668366, 2.2798847572716365, 2.3701884484558695, 2.6497329157121294, 2.381723943774224, 2.942711832543414, 2.648276102107116], "waypoints": [22, 27, 28, 29, 24, 26, 27, 28, 26, 25, 24, 26, 25, 23, 24, 25, 28, 25, 31, 28], "smoothness": [6.228667287138511, 15.237211808304968, 12.745768445013665, 16.178990104426838, 9.46154565753269, 16.827088687833186, 11.860554152735974, 12.818337477084437, 13.137589860071554, 11.653209587688616, 10.071289659831868, 12.375660687327352, 11.192368916348343, 7.392683853805026, 11.416519605425911, 11.612192821878725, 15.09975184006368, 11.262456411596538, 24.38215732171823, 17.676973076550937]}}