{"rrt": {"success": 20, "times": [0.5495376586914062, 0.47592759132385254, 0.44272851943969727, 0.45633816719055176, 0.5081758499145508, 0.5242428779602051, 0.5923285484313965, 0.5259039402008057, 0.34212398529052734, 0.592825174331665, 0.4088447093963623, 0.5418257713317871, 0.358811616897583, 0.5256948471069336, 0.47190093994140625, 0.3555917739868164, 0.5256426334381104, 0.5097696781158447, 0.5429189205169678, 0.5085375308990479], "lengths": [2.1672009956401452, 2.1511339502859506, 2.1874833059443435, 2.3969760009508514, 2.5190833112912707, 2.548962988385767, 2.4172979048846255, 2.2139060928331786, 2.0697632000657005, 2.4852120946640106, 2.3225975828863197, 2.2914745794058624, 1.8235962570778361, 2.319607688224469, 2.3176062004750397, 1.9396089828589511, 2.4622051042765527, 2.236606803290688, 2.384444435385201, 2.3365688994308598], "waypoints": [23, 23, 23, 25, 27, 27, 26, 24, 22, 26, 25, 24, 20, 25, 25, 21, 26, 24, 25, 25], "smoothness": [NaN, NaN, NaN, NaN, NaN, NaN, NaN, NaN, NaN, NaN, 16.541189984289097, NaN, NaN, 15.374249332060064, NaN, NaN, NaN, NaN, NaN, NaN]}, "rrt_apf": {"success": 20, "times": [1.815744161605835, 2.3163044452667236, 1.4665303230285645, 1.5328090190887451, 1.6165099143981934, 1.166130542755127, 2.0666122436523438, 1.9661781787872314, 1.6166348457336426, 1.9162218570709229, 1.8664095401763916, 1.866356372833252, 1.4164774417877197, 1.866257905960083, 1.8163623809814453, 1.5658767223358154, 1.616058588027954, 1.8162896633148193, 1.9661245346069336, 1.7663202285766602], "lengths": [2.3465632164146015, 2.3515773595108262, 2.2439742595619947, 2.465692219686705, 2.3862238983103534, 2.046802802216531, 2.3937223063141904, 2.477390458997812, 2.552542184824717, 2.748776215241591, 2.5548163325876967, 2.4422921169147513, 2.2608841118656025, 2.1939891602890182, 2.6477624798667745, 2.349012286805025, 2.2988405483442427, 2.3542948014897576, 2.3437074347673352, 2.350331415348392], "waypoints": [25, 25, 24, 26, 25, 22, 25, 26, 27, 29, 27, 26, 24, 23, 28, 25, 24, 25, 25, 25], "smoothness": [12.392429549082026, 11.720422177352773, 10.026607875897684, 13.541446365127834, 10.305557471841247, 3.255388996277908, 9.313994255157704, 13.876966465100232, 13.531071842583184, 17.067073759066552, 13.263389964858034, 14.985662177316499, 6.824059179444644, 7.804443190905979, 18.911978525408873, 9.72247021909319, 9.718523636922129, 12.377511718923055, 12.549503187862175, 10.823891976141985]}}