{"rrt": {"success": 20, "times": [0.44959211349487305, 0.5432839393615723, 0.3765244483947754, 0.5264091491699219, 0.5096871852874756, 0.44321632385253906, 0.5763936042785645, 0.4592435359954834, 0.5756800174713135, 0.409562349319458, 0.507666826248169, 0.47664976119995117, 0.6766757965087891, 0.4594264030456543, 0.5756220817565918, 0.4762916564941406, 0.5256454944610596, 0.4423787593841553, 0.509537935256958, 0.6092612743377686], "lengths": [1.9875185093936611, 2.315620038589153, 1.9451583427687784, 2.2202288458684207, 2.085454868841562, 2.180181076655383, 2.3823682779199493, 2.1393653771070564, 2.2115070580862195, 2.1809753354054444, 2.312446509369485, 2.3016481479912394, 2.2036680306178114, 2.2596866596820266, 2.418888161318356, 2.566477412544733, 2.333062446131998, 2.134135268924322, 2.187650053732595, 2.531437724203749], "waypoints": [21, 25, 21, 24, 22, 23, 25, 23, 24, 23, 25, 25, 24, 24, 26, 27, 25, 23, 23, 27], "smoothness": [7.128623940156241, 13.614839934076416, NaN, NaN, NaN, NaN, NaN, NaN, 12.999485179136517, NaN, NaN, NaN, NaN, NaN, NaN, 19.58469742994268, NaN, NaN, NaN, NaN]}, "rrt_apf": {"success": 20, "times": [1.5164532661437988, 2.39920711517334, 2.115818977355957, 1.6666390895843506, 1.8664331436157227, 1.7660281658172607, 1.6660823822021484, 1.816101312637329, 1.5159826278686523, 1.7661497592926025, 1.4492735862731934, 1.4161467552185059, 1.6827905178070068, 2.4161198139190674, 1.8166801929473877, 1.9163200855255127, 1.4159765243530273, 2.0162272453308105, 2.5663487911224365, 1.3164210319519043], "lengths": [2.15364772449982, 2.784663502824003, 2.750059771452786, 2.4515161964659393, 2.745615293194269, 2.2921997437194914, 2.172551772637966, 2.3508779669950326, 2.29525359012589, 2.2702078044372103, 2.4750139043417527, 2.16132850413243, 2.3448909814719605, 2.958602448871647, 2.496645695389453, 2.3651826282928745, 2.282590362413774, 2.447106113858004, 2.4836364293839814, 2.3433012290324537], "waypoints": [23, 29, 29, 26, 29, 24, 23, 25, 24, 24, 26, 23, 25, 31, 26, 25, 24, 26, 26, 25], "smoothness": [7.029161520555826, 17.761284925374465, 20.237046474146236, 12.233606652855531, 17.77338576682878, 9.925578694720445, 6.813222815349241, 9.179356535767496, 9.439651364146766, 8.92549764984337, 15.122965004594091, 6.615713647082194, 7.240969362488533, 23.538172915769334, 12.500192657941454, 12.012351920793744, 9.34126271878235, 14.844467603978762, 12.47322049103092, 9.952243770117176]}}